{
  "main": {
    "id": "f42b712b6502ec2c",
    "type": "split",
    "children": [
      {
        "id": "beaa816cd27356b3",
        "type": "tabs",
        "children": [
          {
            "id": "61097e373725db53",
            "type": "leaf",
            "state": {
              "type": "markdown",
              "state": {
                "file": "journals_2025_05_04.md",
                "mode": "source",
                "source": false
              },
              "icon": "lucide-file",
              "title": "journals_2025_05_04"
            }
          }
        ]
      }
    ],
    "direction": "vertical"
  },
  "left": {
    "id": "c6f6a5700cdf3182",
    "type": "split",
    "children": [
      {
        "id": "7b4b8732e68c7025",
        "type": "tabs",
        "children": [
          {
            "id": "550f211b715125c8",
            "type": "leaf",
            "state": {
              "type": "file-explorer",
              "state": {
                "sortOrder": "alphabetical",
                "autoReveal": false
              },
              "icon": "lucide-folder-closed",
              "title": "Files"
            }
          },
          {
            "id": "85f1aa14ae6699b6",
            "type": "leaf",
            "state": {
              "type": "search",
              "state": {
                "query": "",
                "matchingCase": false,
                "explainSearch": false,
                "collapseAll": false,
                "extraContext": false,
                "sortOrder": "alphabetical"
              },
              "icon": "lucide-search",
              "title": "Search"
            }
          },
          {
            "id": "a81d82efc10f106f",
            "type": "leaf",
            "state": {
              "type": "bookmarks",
              "state": {},
              "icon": "lucide-bookmark",
              "title": "Bookmarks"
            }
          }
        ],
        "currentTab": 2
      }
    ],
    "direction": "horizontal",
    "width": 300
  },
  "right": {
    "id": "599ed3710d386e7d",
    "type": "split",
    "children": [
      {
        "id": "208e751129905a4d",
        "type": "tabs",
        "children": [
          {
            "id": "6a502aa45e705711",
            "type": "leaf",
            "state": {
              "type": "backlink",
              "state": {
                "file": "Untitled 2.canvas",
                "collapseAll": false,
                "extraContext": false,
                "sortOrder": "alphabetical",
                "showSearch": false,
                "searchQuery": "",
                "backlinkCollapsed": false,
                "unlinkedCollapsed": true
              },
              "icon": "links-coming-in",
              "title": "Backlinks for Untitled 2"
            }
          },
          {
            "id": "34645c705bfc28cb",
            "type": "leaf",
            "state": {
              "type": "outgoing-link",
              "state": {
                "file": "Untitled 2.canvas",
                "linksCollapsed": false,
                "unlinkedCollapsed": true
              },
              "icon": "links-going-out",
              "title": "Outgoing links from Untitled 2"
            }
          },
          {
            "id": "305004bef74aaee6",
            "type": "leaf",
            "state": {
              "type": "tag",
              "state": {
                "sortOrder": "frequency",
                "useHierarchy": true,
                "showSearch": false,
                "searchQuery": ""
              },
              "icon": "lucide-tags",
              "title": "Tags"
            }
          },
          {
            "id": "5ac33ab704acfbd4",
            "type": "leaf",
            "state": {
              "type": "outline",
              "state": {
                "file": "Untitled 2.canvas",
                "followCursor": false,
                "showSearch": false,
                "searchQuery": ""
              },
              "icon": "lucide-list",
              "title": "Outline of Untitled 2"
            }
          }
        ]
      }
    ],
    "direction": "horizontal",
    "width": 300,
    "collapsed": true
  },
  "left-ribbon": {
    "hiddenItems": {
      "switcher:Open quick switcher": false,
      "graph:Open graph view": false,
      "canvas:Create new canvas": false,
      "daily-notes:Open today's daily note": false,
      "templates:Insert template": false,
      "command-palette:Open command palette": false
    }
  },
  "active": "61097e373725db53",
  "lastOpenFiles": [
    "Untitled 3.canvas",
    "journals_2025_05_04.md",
    "Untitled 2.canvas",
    "whiteboards_brainstorm.edn",
    "journals_2025_02_24.md",
    "2025-05-03.md",
    "Untitled 1.canvas",
    "Untitled.canvas",
    "What CSS property makes grid columns?.md",
    "pages_bash___Linux.md",
    "JavaScript.md",
    "pages_my flashcards.md",
    "pages_What CSS property makes grid columns%3F.md",
    "pages_SUNY Polytechnic Institute.md",
    "pages_QuickBooks.md",
    "pages_JavaScript.md",
    "pages_IDT 554.md",
    "pages_Git.md",
    "pages_contents.md",
    "pages_card.md",
    "pages_bash.md",
    "pages_Another Page.md",
    "pages_Anki.md",
    "pages_AIX presentation.md",
    "journals_2025_05_03.md",
    "journals_2025_05_01.md",
    "journals_2025_02_26.md",
    "journals_2025_02_25.md",
    "journals_2025_02_22.md",
    "Welcome.md"
  ]
}